SKU,Costo unitario
PSD-puck,3.1
EP-20g,4.65
PSD-HD-E61,27.17
PSD-HD-LM,19.22
PSD-HE-ME,12.23
PSD-HE-LG,12.23
PSD-HD-54,13.72
EP-18g,4.65
V2-PSDring-58mm,7.44
HC7124ST,6.14
PSDdosingCup-BK,6.51
AB3070S-BK,17.5
M12 screw,0.96
Misc. Product,1.57
HG1765,4.7
AB3070EK-BK,35.37
V2-PSD-distributor,51.15
Courier Fee,
HC7123ST,3.5
KBRubber,6.47
PSDcrusher-Stand,6.45
Bellman 600 S/S,0
CA3070KT,20.52
EP-22g,4.65
PSD-CeramicSet,5
UpCart,0
PSD-HE-XL,12.23
PSDHY,9.45
BGeneric2,2.95
PF02LM-FullPOM,27.13
CA3070TM1,2.6
HC7124BK,9.96
PSD-HE-SM,12.23
PSD-AD-SpringTamper,32.24
PSDdosingCup-WH,6.51
PSD-HD-MV,20.15
PSDdosingCup-CH,9.4667
PSD-puck-54,3.1
PSD-removablepins,0.31
CATblack,17.24
PSD-beantube,10.85
PSD-HE-54,12.23
PSDshot-mirror,7.44
E61 paper Spacer,0.35
PSDjug,10.54
HG3021,2.35
HC7125ST,5.52
V2-PSDcrusher-Stand,6.98
ShowerE61,2.59
LM_Seal_6.1mm,1.95
ShowerLM,1.87
PSDLBK,22.29
HC7123BK,7.37
SteamPro - MS-130T,251.823
PSDjug-BK,11.62
FREE-PSD-CeramicSet,0
PSD-PuckHolder,11.32
PortafilterSpring,0.48
HC7124WH,7.56
PSDTMBBk,21.06
V2-PSDring-54mm,7.44
BC2400,6.5
CA3070-Thermometer,3.2
RWBaristaCloth,6.95
PSD-TampingStation,35.65
EP-BR-20g,4.65
HC7125BK,11.73
PSDcrusherRIGA,10.08
PFMOD1-Black,3.1
CA3070-groupbrush,0.85
TPD-Dial,1.55
PSDcrusher-Black,13.02
V2-PSDcrusher-Black,13.02
EP-BR-18g,4.57
AB3070EK-WH,35.37
JRStar - Black Plastic,2.09
PSDdosingCup-BK-54,6.51
PSdepth,6.98
PF00LM-WSL-HY,26.56
HC7123WH,6.6
MeasureCup,2.36
BC2423,12.8
SWRubber_round,1.91
PSDjugWH,10.54
AB3070-ClickTamper,12
NS_ Seal_9mm,1.95
PF00LM-BBK-HY,32.22
LM_Seal_7.1mm,1.95
PF00LM-BSL-HY,32.7283
PSD-T-filter,4.5
AB3070CD,18.74
PSDTMWSl,17.39
PSD-distributor,51.15
PSDcrusherRAYA,10.08
PSD-Beanstand,15.5
PF00LM-FullPOM-HY,22.77
CA3070-Cloth,2.85
PFH00MV-HY,17.63
IMSB28.5,17.14
PFHLM,16.57
HC7124TB,9.7
GroupBrush,1.85
PSD28.5,4.23
PFMOD2-Silver,6.82
HC7124PK,7.56
Tamp-M-BK,850
1186724,0
PSD24.5-BR54,4.23
PSDleva-black,9.92
PFH00LM-HY,17.64
CDFL,3
HC7123TB,6.16
V2-PSDleva-silver,6.82
PSD-PinUP,3.1
PSDleva-silver,6.82
KBBar,4.32
CA3070TM2,3.2
HC7125WH,9.88
AB3070MJ350TBK,5.8
HG6329,56.82
V2-PSDleva-black,9.92
PSD26.5-BR54,4.23
CA3070HG,32
CA3070-Shaker,3
PSDdosingCup-WH-54,6.51
GenuineLM_groupScrew,2.95
PF00NS-FullPOM-HY,26.97
LM paper Spacer,0.2
PF02LM-BSL,32.3915
Thermometer,5.9
IMSB26.5,17.01
PSDcrusher-Silver,9.92
PDJUG500BK,0
PF00LM-BBZ-HY,31.135
PSD24.5,8.5
PSD02Spout,5.43
PF02LM-BBK,36.58
PSDcrusherIRIS,10.08
HC7124VL,7.56
AB3070MJ600TBK,6.1
PFH02LM-HY,27.09
AB3070EK-CH,52.35
Tamp-M-WH,875
AeroPPF,8.95
PSDcrusher-Dusk,13.02
PSD-Beanstand-combo,26.35
AB3070JRL-SS,38.9
V2-PSDcrusher-Silver,9.92
PSDHFullPOM,4.65
BBlind,1.7
VK2005004,12.51
CSSS,6.6
AB3070EK-PK,25.72
PSD-distributor-54m,43.4
HC7123PK,6.16
PSDTMBSl,13.62
NS_ Seal_8.2mm,1.95
PFMOD1-White,3.1
CA3070DKB,16.29
HC7110BK,18.75
E61_Seal_8mm,1.61
AB3070JR-Mechanism,16.9
PRE-BR58-SET,49.72
AB3070EK-BU,35.37
PSDNS,12.5
CA3070-grinderbrush,2.35
CA3070KC,23.36
PSDLM,13.72
PSDTWRaya,15.02
HG3023,2.9
CA3070R-BK,3.3
CATsilver,9.2
AB3070JRL,38.9
PSDTBase,8.84
PF00BR58-BSL-HY,28.04
M10 Screw,0.85
Fee,
PRE-BR54-SET,50.61
HC7107TBK,17.3
PF00LM-BGD-HY,31.14
BEV350TeapotWH,11.28
CaffettoRESTORE,4.27
IMSSHE61,17.01
PSDHWRaya,7.75
PSDT-WAVE-BBK,25.5
HC7107BK,16
PF00LM-FullPOM,21.8746
PF02LM-FullPOM-HY,32.215
SWRubber_straight,1.95
PSDHY-BR,9.46
PFH00BR54-HY,17.64
HG6149BK,12.5
PF00BR54-BSL-HY,28.04
PSDcrusher-Haze,13.02
AB3070JRS-SS,31.5
PF00MV-BSL-HY,28.03
PF00LMBK-Riga-HY,28.19
HC7123VL,6.15
SCDigital,4.94
Squeaky-HOM,23.25
PF00MV-FullPOM-HY,22.76
JugRinser_SealKit,2.91
PFMOD2-Bronze,9.92
SunriseDosing-CH,6.51
PSDTBR54base,8.83
HC7125PK,9.88
PSD26.5,8.5
PSDTMBBZ,14
DOSING_B,13.95
BKPSDTBase,12.32
PF00LM-WHPOM-HY,22.7655
PFMOD2-Haze,9.92
HG6333,142.07
PSD21.5,8.5
PSDcrusher-Bronze,13.02
PSDTMBKRiga,16
HC7107BZ,15.9
PFMOD2-Dusk,9.92
HG2713,94.25
MANUSBK,1196
PSDring,6.79
HC7107TB,16
PSD22.5,4.65
PSDTMOD2-Silver,5.89
WH-V2-PSDring-58mm,7.44
PFH02MV-HY,27.56
HG6171 - Hand Grinder,18.46
PF00LMRaya-HY,25.87
HG3725W,5
PF02LM-BBK-HY,41.68
AB3070JRS,31.5
HG6264,13.47
56-2019,0
CATwhite,9.2
PF02BR58-FullPOM,27.13
WH-V2-PSDring-54mm,7.44
PF00BR54-FullPOM-HY,22.77
PFH00NS-HY,17.64
AB3070S-WH,29.51
AB3070S-PK,27.2833
WPMdosingCup,10
PSDleva-Riga,6.98
PF00BR54-WSL-HY,28.0365
PSD-PuckHolderBundle-58,14.42
PF00LM-WHZ-HY,31.5745
Squeaky-Rocket,19.37
PF02MV-FullPOM,25.741
17-90583,0
AB-JR-SealKit,2.67
Allen Key,0.47
HK0602BK,11
PSDcrusher-Gold,13.02
PSDTMBGd,14
HC7107PK,16
MoccaMasterFilters,10
AB3070-ClickTamper-54,17.49
PF00MV-BBK-HY,32.22
PF00LM-BHZ-HY,31.4675
AB3070JRL-Box,13
PRE_SET,49.715
QC3533P,49.31
PFMOD2-Black,11.01
PSDTMBDk,14.89
PRE_SETMV,49.71
PF02BR54BK-Riga-HY,37.66
PSDTMOD1-Black,3.26
HD0197,6.5
PFH00BR58-HY,17.64
PF02MV-FullPOM-HY,32.21
PF00NS-BSL-HY,33.17
PF02LM-BSL-HY,37.92
PF00LM-BDK-HY,31.14
PF02LMRaya,54.2933
PF00BR58-FullPOM-HY,22.77
HC7125TB,9.88
AB3070MJ350RAINBOW,5.8
CA3070R-SS,3.3
PSDTMWGd,14.14
PF00MVRaya-HY,25.08
PF02BR54-BBK-HY,41.69
CafettoGrinder430g,19.32
AB3070MJ600RAINBOW,6.1
PF02LM-WSL,32.4
JRStarSS,16.46
PSDT-53.5-BBZ,14
HG2713BK,86.15
HC7125VL,9.88
GenericPF,15.02
PSD23.5,4.65
AB3070S-CH,27.2833
PF00MV-BDK-HY,31.13
HC7115ST,14.75
PF02LMBK-Riga-HY,37.65
AB3070S-Tray,7.14
PF00LMWH-Iris-HY,38.58
Caffetto1kg,12.78
BC2411-0,122.2
HG6371,22.15
PF02BR54-FullPOM,27.1233
DistributionBundle,82.16
V2-PSDcrusher-Bronze,7.66
HC7115GR,17.6
PF00BR54-Raya-HY,25.87
PSDTMWHz,14
PF00LM-WDK-HY,30.608
HC7110BZ,19.9
BestSaveS,8.05
PF02LM-BDK-HY,40.59
DelterGrey,22
DISTR_B,68.05
MANUSWH,1196
PF02MV-BBK-HY,41.67
PF00BR54-BBZ-HY,31.14
WFproteV,103.86
PF00LM-WBZ-HY,31.14
PF00BR58-WSL-HY,28.04
PF00MV-BBZ-HY,38.64
HG0949,31.65
PF02NS-BBK,37.34
PF02BR54-BSL-HY,37.5
BestSaveM,11
PF02NS-FullPOM,27.12
PSDleva-gold,9.92
PSDleva-dusk,9.92
PFMOD2-Gold,9.92
PF00NS-BBK-HY,37.63
HC7110PK,18.75
PF00LM-WGD-HY,30.04
PF00MV-WHPOM-HY,25
AB3070MJ600GD,6.1
PSDTbase-Convex,12.32
AB3070JRS-Box,10
BC2409-0 Brown Box JRL,10
PSDTMOD1-White,3.26
HG6355,12.22
PSDTMOD2-Gold,8.99
PSDTMOD2-Bronze,8.99
HC7121MW,16.7
PSDTMWDk,14
PF02BR58-BSL-HY,36.32
PSDT-53.5-BBK,22.01
PF00MVBK-Riga-HY,28.19
PF00MVBK-Iris-HY,40.53
Hario V60 - 02,5.86
Hario V60 - 01,5.4
PF02LMRaya-HY,35.32
BGeneric14,3.6
BC2408-0,100.3
PFH02BR58-HY,23.95
AB3070S-BU,27.28
PF00MV-WHZ-HY,30.1
HC7107GD,15.9
PF02MV-BSL-HY,37.48
HG2605,123.25
PF02MVBK-Riga-HY,37.64
AB3070MJ350GD,5.8
PSDT-53.5-BDK,20.73
02BR58BSL-IMS17-BUNDLE,40.95
HC7107ST,14.2
AB3070CD-53.5,15.2
CA3070-CoffeeServer2,1.5
CDFS,2.05
PSDTMBHz,14
HC7110TBK,21.3
PSDT-53.5-BKRiga,19.07
PF00MV-BHZ-HY,20.3
PF00MV-WGD-HY,31.13
HC7110TB,18.75
PSDBlackRippleSet,18.13
V2-PSDcrusher-Gold,12.7325
PSDleva-bronze,9.92
PFH00AS,17.64
Squeaky-Alsa,55.8
MGHBKC3,30
HG2650,279.6
HK0537BK,43.38
PF00BR54BK-Riga-HY,28.1925
SunriseDosing-WH,6.51
PFH00LM,17.64
PF00LM-BBK,32.54
PF00BR58-BBK-HY,32.22
HG6351,12.36
PSDTMWHRiga,16
PF00LMRaya,46.05
WH-PSDHFullPOM,4.65
BC2408-4,26
QX1524P,48.38
HC7110GD,19.9
PSDTMWHIris,19.08
PF00BR54WH-Iris-HY,28.2
PF00MV-WDK-HY,31.13
PF02BR58-FullPOM-HY,32.22
PalloBK,
PF02BR54-FullPOM-HY,33.54
V2-PSDleva-bronze,9.92
QC6533P,51.931
CA3070CD,13.48
PSDHMODBKRIGA,12.73
CA3070R-BZ,3.3
HG6352,12.36
PF00MV-WSL-HY,28.03
PSDleva-Raya,6.98
CA3070R-GD,3.3
PF02LM-BGD,35.5
PSDHMODBSL,10.88
PSDT-53.5-Raya,51.25
PSDTMDABBk,37.755
PSDTMDABSl,24.96
HC7089,16.6
PF00BR54-BBK-HY,32.23
PF02MV-BDK-HY,40.58
PF02MV-BBZ-HY,40.58
PF02BR54-BBZ-HY,43.22
PF02LM-BHZ-HY,40.59
PF00NS-WSL-HY,28.04
PF02BR54-BDK-HY,40.6
HG6356,18.32
PF02LM-BBZ,40.17
PSDTMWBz,14
PSDBreville,12.5
PSDHMODBBK,15.07
PF02BR58-BBK-HY,41.68
PF02LM-BGD-HY,40.59
PF02LM-WBK,36.59
PF00LMWH-Riga-HY,28.191
PF00BR58Raya-HY,25.8667
PSDleva-haze,9.92
PF02LMBK-Riga,32.56
PF02LMWH-Iris-HY,43.77
PF00LM-BSL,28.665
PF00BR54-BDK-HY,33.93
HG6395,17.28
PF02AS-FullPOM,38.3922
815079-A,43
PSDTMOD2-Black,9.92
PSDTMDABKIris,41.54
PF02BR58BK-Riga-HY,37.65
HG6353,11.08
FS24N00A00,147.78
PFH02BR54-HY,27.6033
HC7110ST,17.35
PFHBR54,16.57
PFHNS,16.57
PFMOD2-Iris,6.98
PSDTMDABDk,36.09
PSDTMBKIris,16
WFMaxS,87
PF02LM-BDK,36.66
PF00BR58BK-Riga-HY,28.19
PSD-PuckHolderBundle-54,10.86
814133-B,28
V2-PSDleva-gold,9.92
PF00LMBK-Iris-HY,36.38
PSDdosingCup-CH-54,7.1
PF02LM-WDK,36.77
FS00Y00A00,27
HG3724,4.5
HG5544BB,8.24
PF01LM-FULLPOM,31.05
PSDTMWBK,14.31
PSDTMDABKRiga,41.3833
PF02LM-WHZ-HY,29.515
PSDT-53.5-BSL,17.98
PF00MV-BGD-HY,31.13
PF00LM-BBZ,31.805
PSD01Spout,3.1
WFmaxV,111.75
PF02BR58Raya-HY,35.32
PSDTHRaya,7.75
PF02LM-BBZ-HY,39.22
PF02LM-WSL-HY,37.49
PF02BR58Raya,24.8
lubrifilm plus,11.76
PDO-DogBowl,0
AMG2212,10.5
AeropPRISMO,27.97
PF02BR54-BSL,30.1
PF02NS-BSL,32.39
PF02LMWH-Riga-HY,39.1
PF02LM-WHZ,32.88
PF02BR54-WSL-HY,37.5
HG2188,8.95
PF02LMWH-Iris,42.17
Rhino-Pallobrush,5.97
SS- Trolley,0
PSDHMODWSL,11.77
WFproteS,92.44
PF00LMBK-Riga,28.6375
AB3070JRL-SS-Bundle,51.9
PF02LMBK-Iris-HY,37.65
PFMOD2-Riga,6.98
HG6373,19.6
PF02BR58-BDK-HY,41.22
HG6357,11.08
PF02BR54-Raya-HY,57.71
PF00NSBK-RIGA-HY,33.73
PF02LM-WGD-HY,37.83
LB30min,
PSDTMOD2-Iris,6.98
PF02LM-WBZ-HY,34.27
PF02MVBK-Iris-HY,37.64
DiFluidR2X,195
PF00BR58-BHZ-HY,29.87
BWTheadflush,41
PF00BR58-BBZ-HY,34.98
BC2422-1,71.8
PSDHMODBKIRIS,17.4
PSDT-WAVE-BKRiga,30.11
PF00BR54-WHZ-HY,30.66
PSDHMODWDK,12.11
PF02NS-BSL-HY,37.49
PF02BR54-WHPOM-HY,32.23
PF02BR54BK-Iris-HY,45.48
ABEKPSBUNDLE-PK,53
BC0079,0.52
PF02LM-WGD,38.725
DigitTimer,6.21
AMG2213,11.95
PSDTMOD2-Riga,6.98
PSDTMOD2-Dusk,8.99
PF00LM-WBK-HY,32.23
PF00LM-BGD,29.3829
PF00MVWH-Riga-HY,28.19
PSDHMODBBZ,15.51
PF02AS-BBZ,42.748
PSDHMODBDK,12
CAFETTO_SINGLE,7.72
DISTR_B_54mm,60.3
PF00BR54-WGD-HY,31.14
IMSB24.5,17.01
PF02BR54-WGD-HY,40.6
IMSB23.5,18.89
PSDTMDAWDk,37
PF00BR54-BGD-HY,37.07
PSDTMDAWHz,33.352
PSDTMDAWHIris,42.42
HG5544PK,8.24
PF02LM-WHPOM,27.13
PF02MV-BGD-HY,40.58
PF02BR54-WHZ-HY,38.59
PF02NS-BBK-HY,41.68
PF00BR54-BHZ-HY,26.94
PSDT-53.5-BGD,15.61
PF02BR54-BHZ-HY,37.71
PF02BR54-BBK,32.51
PF02AS-WSL,41.675
PSDT-53.5-WHRiga,16
1186795,0
WFprote2XL,235
PRC200,60
PF00NS-BDK-HY,31.14
PSDTMDAWHRiga,42.502
PSDT-53.5-BHZ,19.895
PF00BR54-WDK-HY,34.04
PSDTHMODBKRIGA,18.1
PF00BR58WH-Iris-HY,36.98
PSDT-WAVE-BDk,12
AeroP,30
PSDT-BKBase-BBK,25.5
HC7090,21.9
Tamp-M-SmallMotor,0
TXHK0F,108
HC7121BK,16.7
RS00Y61A00,230
PSDHMODWHRIGA,11.04
PSDT-53.5-WHZ,21.01
PF02BR58BK-Riga,27.13
PF02MV-WHPOM-HY,32.21
PF02NS-BDK-HY,30.44
PF02LM-WDK-HY,29.71
PF02NSRaya,55.045
PF02BR58-BBZ-HY,40.17
PF02BR58-BSL,32.55
PF02LMBK-Iris,32.56
PF02BR54WH-Riga-HY,39.64
PF02LMWH-Riga,36.99
PF02BR58-WHZ-HY,34.94
PF00BR54BK-Iris-HY,39.81
PF02LM-WHPOM-HY,32.174
FB5,58
PF02NS-WHZ-HY,30.38
PSDleva-Iris,6.98
PF02LM-WBZ,40.1567
PF02NS-WGD-HY,34.66
PF02MV-WHZ-HY,38.83
PSDT-WAVE-BBZ,23.12
PF00BR58-WDK-HY,31.5675
HG5538W,8.24
HG5543YY,6.03
PF00BR58-BSL,28.04
PSDTMDAWBk,32.57
HG6370-1,53.18
PSDT-53.5-WSL,14
HG6372,19.88
PF02MV-WSL-HY,40.09
PF02MV-WDK-HY,40.58
PF02MVRaya-HY,35.31
PSDHMODBHZ,13.98
PSDTMOD2-Haze,8.99
PF02BR58-BBK,34.75
02BR58WSL-IMS17-BUNDLE,41.06
PF00MVWH-Iris-HY,28.19
PF02BR54-WBZ-HY,42.81
PF02BR54-WDK-HY,40.6
AB-MAT-PK,1.5
50-4010-FC,0
PFH02NS-HY,27.09
PF02BR58-WDK-HY,35.13
AB3070JR-XL-SS,50
PF02BR58-WSL-HY,36.09
ABEKPSBUNDLE-BK,92.56
PF02NS-FullPOM-HY,29.02
PFH02AS,16.57
PSDHMODBGD,13.98
PF02BR58BK-Iris-HY,41.72
PSDE61,12.18
PF00BR58-BDK-HY,26.79
PSDTWOla,46.05
PSDTDARaya,63.63
PF02BR58-BBZ,36.28
HK0537WH,43.38
PF00BR54WH-Riga-HY,34.74
PF00BR54-WGD,31.96
PF00NSWH-Iris-HY,39.02
PF02BR54WH-Iris-HY,44.82
PF02NS-BGD-HY,34.53
PF02BR54BK-Riga,34.56
PF02NS-BBZ,36.7267
PF02BR54-BGD-HY,36.09
PF02NS-BBZ-HY,41.75
PSDJug-BK Ripple,7.1
PF02BR54-WSL,30.21
Tamp-M-PCBA,0
PSDT-53.5-WHIris,16
17-90587,0
PF00NS-BBZ-HY,31.14
BC2422,164.4
BC2408-1 Brown Box JR,10
FS24P00A00,127
PSD-bag,44.69
PF00BR58-WBZ-HY,34.06
PF02BR58-BHZ-HY,35.29
PF00BR58WH-Riga-HY,32.31
DXProvence90ml,8.1
PF02NS-WGD,33.77
BC0008,16.2
PF00NS-WBZ-HY,32.64
PF00BR58BK-Iris-HY,28.2
TR1503LY,935.3867
PF00BR58-WHPOM-HY,22.765
PF00BR58-WGD-HY,30.53
PF02BR58-WHPOM,0
WFproteXL,178
LCD PCB,0
PF02MV-WGD-HY,40.58
WFproteM,93
PSDT-WAVE-BSL,23.33
PSDT-WAVE-Raya,52.21
PSDT-WAVE-WDk,22.57
MISCSPAREPART,0.29
PSDTHMODWHIRIS,10.24
PF02MV-WBK-HY,43.55
PSDTMDABGd,34.7233
PF02BR58-WBZ-HY,35.29
JamFunnel,9.68
Tamp-M-Motor Cap,0
QX1524,43
PF02LM-WBK-HY,35.5
EDMJUG500WH,0
PF02LM-BHZ,31.1
Expobar_Seal_7.5mm,1.95
BC2207-4,3.5
BC0478GD,16.2
HG0788BR,20.2
Tamp-M-PowerAdapter,0
PF02MV-BHZ-HY,38.04
Tamp-M-SensorPCB,0
Tamp-M-Switch,0
Tamp-M_PROX_sensor,0
HG6398,7.5
ABEKPSBUNDLE-WH,106.17
PF02BR58-WBK-HY,36.52
AB3070-Flow-Restrictors,0
WFmaxM,123
HG3725,5
PSDT-53.5-BKIris,16
PF00MV-WBZ-HY,31.13
PF00LMBK-Iris,34.39
PF02MVWH-Riga-HY,41.16
PF00BR54-WHPOM-HY,29.04
PF02NS-WSL-HY,30
PSDHMODWHZ,10.51
PF00NS-BHZ-HY,31.14
PF02MVWH-Iris-HY,45.83
PF02NS-WBZ-HY,35.13
PF00BR54-FullPOM,24.53
PSDHFULLPOMWH,
PF00BR58-BGD-HY,38.38
PF02NSWH-Riga-HY,34.49
PRM15,315
PF00BR58-BBZ,31.35
PF00NS-FullPOM,24.73
PF00BR58-FullPOM,23.09
PF02BR54-WBK-HY,37.43
PF02NSBK-Riga,33.95
SteamTray,0
PSDTMDAWSl,35.51
PF02BR54WH-Iris,32.56
PF02NSBK-Iris-HY,43.76
PSDHMODWHIRIS,17.51
GeoJug350,4
PF02BR58-WHZ,31.4
PF00BR54BK-Riga,31.67
PSDHMODWGD,13.98
IronCastDE4071BK,22.4
PSDMODHSET-BBZ,23.1125
PF00LM-BDK,28.42
PF02BR58-WGD-HY,38.72
I30-02500-20,0
BGeneric18,2.57
PF00NS-WHPOM-HY,22.765
PSDHMODWBZ,15.5
PSDHMODWBK,16.23
PF02BR58-WHPOM-HY,32.22
PF02BR54-WGD,30.45
PF02NS-WBK-HY,38.69
HG6399,17.85
F4 burrs,45
HG5543BB,6.11
PF02NS-WHPOM,27.14
HG5544YY,8.24
PF00LMWH-Iris,33.93
FS00Y51A00,12.25
PSDTMDABHz,32.08
RayaSet,0
PF02NSRaya-HY,53.04
QC6536P,53.41
PF00NS-BSL,33.17
PF02BR54-BGD,30.805
PF02BR58WH-Iris-HY,37.65
PSDT-53.5-WDK,21.08
PSDT-53.5-WGD,14
PF02BR54-Raya,51.97
PFH00BR54,19.4708
PSDT-WAVE-BKIris,30.12
PSDT-WAVE-BHz,21.48
PSDT-WAVE-BGD,23.377
17-9919-6,0
PF02BR54-WBZ,30.93
PSDT-BKBase-WHz,21.08
WH-V2-PSD-distributor,51.15
PF02BR58BK-Iris,38.06
PSDT-BKBase-WBK,25.5
02LM-IMS17BKPOM-BUNDLE,29.16
PF00NSBK-Iris-HY,37.53
PF02MV-WBZ-HY,42.82
PF00BR54-Raya,50.35
Prec_Dist_Bundle,52.93
EspazzolaBK,35.4
PF02BR58WH-Riga-HY,37.65
ABEKPSBUNDLE-BL,34.11
PF00NS-BBZ,30.71
AB3070JRS-Bundle,76.99
RotoflowPump,64.78
PSDTHMODBBK,14.36
PSDTHMODWSL,12.195
PSDTHMODWDK,10.73
PSDTHMODBSL,11.29
PF00BR54-WBZ-HY,37.45
C24-2019VB,0
PSDTHMODBDK,9.68
PSDTHMODBBZ,11.15
PSDT-BKBase-BRiga,29.35
PF00NS-WBK-HY,32.07
BC2207,2
PF00NS-WGD-HY,30.37
PF00NS-WDK-HY,26.28
PF00NS-WHZ-HY,26.09
PF02BR58-WGD,38.85
PF00NS-WGD,32.17
PSDT-BKBase-BHz,20.17
Astoria_Seal_8mm,1.12
ApronPSDS,36.17
02MV-IMS17BKPOM-BUNDLE,29.16
50-4070,0
AB-MAT-BU,1.5
AB-MAT-CH,1.5
PF02BR54-BDK,26.72
PF02BR54-BBZ,30.8
PFHBR58,16.57
PF02BR58WH-Riga,36.43
AB3070JRS-SS-Bundle,55.44
PF02NSWH-Iris-HY,39.67
ABEKPSBUNDLE-CH,23.04
PF02ASBK-Riga,46.01
PF02BR58-WSL,33.99
PF02AS-Raya,30.23
PF01LM-BSL,33.81
Tamp-M-SensorBracket,0
Tamp-M-RodSet,0
Tamp-M-Rod,0
PF01AS-BBZ,31.15
PF00NSWH-Riga-HY,30.2
Tamp-M-HolderPinSet,0
Tamp-M-ForkAssy,0
PF02NSBK-RIGA-HY,34.36
ApronPSDL,36.172
ApronPSDM,36.172
PF02AS-BSL,39.67
HG2199,15.35
PF02BR58-WBZ,40.13
PSDTHMODBHZ,8.88
PSDMODHSET-BKRIGA,23.1125
PSDTMDABBz,34.58
PF00BR54-WDK,27.88
PF00AS-BDK,28.34
PF00AS-BSL,29.82
PF00AS-FullPOM,24.64
PF00AS-Raya,50.46
PF00AS-WSL,29.47
PF00ASBK-IRIS,37.44
PF00ASBK-Riga,32.26
PF00BR54-BBK,33.54
PSDTHMODWHRIGA,18.98
PFH00BR58,20.7467
PSDTDAOla,58.32
PF02BR58-WBK,41.02
PSDT-WAVE-WSL,24.17
PSDT-WAVE-WHRiga,22.56
PSDT-WAVE-WHIris,31.17
PSDT-WAVE-WGD,24.5
PF02BR54-WHPOM,28.26
PSDT-BKBase-BBZ,22.43
PSDT-BKBase-BDk,20.93
PSDT-BKBase-BGd,22.69
PF00BR54-BSL,29.41
PSDT-BKBase-WGd,23.57
PSDT-BKBase-WBz,23.31
PSDT-BKBase-Raya,10.04
PSDT-BKBase-BSi,22.57
PSDMODHSET-BKDUSK,35.19
PF00BR54-WHZ,27.69
PF02NS-BHZ-HY,30.25
HK0513BK,28.24
PF00NS-BGD-HY,30.24
PF02NS-WSL,30.63
F4GOD,490
FB5W20,93
FBH12F1000,9.79
FS00Y033A00,89
FS24M99A00,199
PF00LM-WBK,32.65
PF02BR58-BHZ,28.77
PF00BR58Raya,49.87
PSDdosing-cup-BK Ripple,
HG2351,67.6
HG2669,428.75
HG3724W,4.5
PF00BR58-WHZ-HY,26.25
HG5537W,8.24
PF00BR58-WBK-HY,35.7
HG5543PK,6.11
PSD25.5,4.65
HG6329-1,10.53
PF02NS-WDK-HY,30.57
PSDTPDPF,200.46
HG6329-4,31.17
HG6335-2,22.15
HG6350,5.62
PF02BR58-BGD-HY,43.17
PF00BR58-BBK,32.1
PSDTHMODWGD,12.49