Purchase Enquiry as of 11/12/2025,,,,,,,,,,,,
Order No.,Order Date,Delivery Date,Receipt Date,Warehouse,Supplier,Product Code,Product Description,Product Group,Sales Order Number,Order Status,Base Unit Qty,Landed Cost (AUD)
PO-00001270,09/12/2025,09/12/2025,,Main Warehouse,WINKIN 2025 (AUD),PFMOD2-Riga,Pesado Portafilter Multi Handle Module 2 - Riga,PESADO,,DHL-INBOUNDS,100,697.50
PO-00001270,09/12/2025,09/12/2025,,Main Warehouse,WINKIN 2025 (AUD),EP-BR-18g,EP-BR-18g Pesado Basket - electro polished basket,PESADO,,DHL-INBOUNDS,300,"1,371.00"
PO-00001270,09/12/2025,09/12/2025,,Main Warehouse,WINKIN 2025 (AUD),PFMOD2-Silver,Pesado Portafilter Multi  Handle Module 2 - Silver,PESADO,,DHL-INBOUNDS,300,"2,046.00"
PO-00001268,04/12/2025,04/12/2025,,Main Warehouse,WINKIN 2025 (AUD),EP-BR-20g,EP-BR-20g Pesado Basket - electro polished basket,PESADO,,PRODUCTION,500,"2,325.00"
PO-00001268,04/12/2025,04/12/2025,,Main Warehouse,WINKIN 2025 (AUD),PFMOD1-Black,Pesado Portafilter Multi  Handle Module 1 - Black,PESADO,,PRODUCTION,"1,280","3,968.00"
PO-00001268,04/12/2025,04/12/2025,,Main Warehouse,WINKIN 2025 (AUD),PSDHY-BR,Pesado HYBRID Double Spouted Attachment - (Breville 54),PESADO,,PRODUCTION,500,"4,727.50"
PO-00001268,04/12/2025,04/12/2025,,Main Warehouse,WINKIN 2025 (AUD),PSDHY,Pesado HYBRID Double Spouted Attachment - (LM 6mm - NS - BR 58),PESADO,,PRODUCTION,500,"4,725.00"
PO-00001268,04/12/2025,04/12/2025,,Main Warehouse,WINKIN 2025 (AUD),PSD-HD-Plate54,Breville 54mm barista express diffusion plate,PESADO,,PRODUCTION,"2,000","27,440.00"
PO-00001268,04/12/2025,04/12/2025,,Main Warehouse,WINKIN 2025 (AUD),PFMOD2-Silver,Pesado Portafilter Multi  Handle Module 2 - Silver,PESADO,,PRODUCTION,500,"3,410.00"
PO-00001268,04/12/2025,04/12/2025,,Main Warehouse,WINKIN 2025 (AUD),PSDTMOD1-Black,Pesado Tamper Multi Handle Module 1 - Black,PESADO,,PRODUCTION,500,"1,627.50"
PO-00001267/2,25/11/2025,25/11/2025,,Main Warehouse,WINKIN 2025 (AUD),PSD-HD-Plate54,Breville 54mm barista express diffusion plate,PESADO,,DHL-INBOUNDS,"2,000","27,440.00"
PO-00001267/2,25/11/2025,25/11/2025,,Main Warehouse,WINKIN 2025 (AUD),EP-BR-20g,EP-BR-20g Pesado Basket - electro polished basket,PESADO,,DHL-INBOUNDS,100,465.00
PO-00001266/3,25/11/2025,25/11/2025,,Main Warehouse,WINKIN 2025 (AUD),PSD-HD-MV,"High Diffusion shower screen for (NS,VA, Breville 58)",PESADO,,DHL-INBOUNDS,50,"1,007.50"
PO-00001266/3,25/11/2025,25/11/2025,,Main Warehouse,WINKIN 2025 (AUD),PFMOD1-Black,Pesado Portafilter Multi  Handle Module 1 - Black,PESADO,,DHL-INBOUNDS,56,173.60
PO-00001266/3,25/11/2025,25/11/2025,,Main Warehouse,WINKIN 2025 (AUD),PFH00BR58-HY,Pesado HYBRID Naked Portafilter Head Only Breville 58mm,PESADO,,DHL-INBOUNDS,30,529.20
PO-00001266/3,25/11/2025,25/11/2025,,Main Warehouse,WINKIN 2025 (AUD),Misc. Product,Misc. Product,Accessories,,DHL-INBOUNDS,100,0.00
PO-00001266/3,25/11/2025,25/11/2025,,Main Warehouse,WINKIN 2025 (AUD),V2-PSD-54mm-distributor,Pesado Impact Gravity Distributor 54mm,PESADO,,DHL-INBOUNDS,40,"1,736.00"
PO-00001265,18/11/2025,18/11/2025,,China-W,WINKIN 2025 (AUD),Misc. Product,Misc. Product,Accessories,,PRODUCTION,500,0.00
PO-00001264,18/11/2025,18/11/2025,,China-W,WINKIN 2025 (AUD),Misc. Product,Misc. Product,Accessories,,PRODUCTION,"2,500",0.00
PO-00001260,12/11/2025,17/12/2025,,Main Warehouse,El Rocio,MANUSWH,MANUSWH,Dolo,,Placed,8,"9,568.00"
PO-00001260,12/11/2025,17/12/2025,,Main Warehouse,El Rocio,MANUSBK,MANUSBK,Dolo,,Placed,46,"55,016.00"
PO-00001258,11/11/2025,11/11/2025,,China-W,WINKIN 2025 (AUD),AB3070S-BK,Artisan Barista - Barista Precision Scale - Black,The Artisan Barista,,PRODUCTION,500,"8,750.00"
PO-00001258,11/11/2025,11/11/2025,,China-W,WINKIN 2025 (AUD),HC7123TB,C Accessories 300ml Jug Teal Blue,Coffee Accessories,,PRODUCTION,72,443.52
PO-00001258,11/11/2025,11/11/2025,,China-W,WINKIN 2025 (AUD),HC7124VL,C Accessories 600ml Jug Violet,Coffee Accessories,,PRODUCTION,144,"1,088.64"
PO-00001258,11/11/2025,11/11/2025,,China-W,WINKIN 2025 (AUD),HC7123PK,C Accessories 300ml Jug Pink,Coffee Accessories,,PRODUCTION,144,887.04
PO-00001258,11/11/2025,11/11/2025,,China-W,WINKIN 2025 (AUD),HC7124PK,C Accessories 600ml Jug Pink,Coffee Accessories,,PRODUCTION,144,"1,088.64"
PO-00001258,11/11/2025,11/11/2025,,China-W,WINKIN 2025 (AUD),HC7124TB,C Accessories 600ml Jug Teal Blue,Coffee Accessories,,PRODUCTION,144,"1,088.64"
PO-00001258,11/11/2025,11/11/2025,,China-W,WINKIN 2025 (AUD),HC7124WH,C Accessories 600ml Jug White,Coffee Accessories,,PRODUCTION,144,"1,088.64"
PO-00001258,11/11/2025,11/11/2025,,China-W,WINKIN 2025 (AUD),HC7125ST,C Accessories 1lt Jug Stainless Steel,Coffee Accessories,,PRODUCTION,300,"1,656.00"
PO-00001258,11/11/2025,11/11/2025,,China-W,WINKIN 2025 (AUD),HC7125BK,C Accessories 1lt Jug Black,Coffee Accessories,,PRODUCTION,400,"3,952.00"
PO-00001258,11/11/2025,11/11/2025,,China-W,WINKIN 2025 (AUD),HC7124BK,C Accessories 600ml Jug Black,Coffee Accessories,,PRODUCTION,400,"3,024.00"
PO-00001258,11/11/2025,11/11/2025,,China-W,WINKIN 2025 (AUD),HC7123ST,C Accessories 300ml Jug Stainless Steel,Coffee Accessories,,PRODUCTION,600,"2,460.00"
PO-00001258,11/11/2025,11/11/2025,,China-W,WINKIN 2025 (AUD),HC7124ST,C Accessories 600ml Jug Stainless Steel,Coffee Accessories,,PRODUCTION,"1,000","4,650.00"
PO-00001258,11/11/2025,11/11/2025,,China-W,WINKIN 2025 (AUD),PSD-PuckHolder,Pesado Double Puck Screen Holder,PESADO,,PRODUCTION,300,"3,394.50"
PO-00001258,11/11/2025,11/11/2025,,China-W,WINKIN 2025 (AUD),PSD-puck-54,Pesado Puck Diffuser Screen 54mm,PESADO,,PRODUCTION,500,"1,550.00"
PO-00001258,11/11/2025,11/11/2025,,China-W,WINKIN 2025 (AUD),PSD-puck,Pesado Puck Diffuser Screen 58mm,PESADO,,PRODUCTION,500,"1,550.00"
PO-00001258,11/11/2025,11/11/2025,,China-W,WINKIN 2025 (AUD),V2-PSDleva-black,Pesado Leva knob - Black V2,PESADO,,PRODUCTION,100,992.00
PO-00001258,11/11/2025,11/11/2025,,China-W,WINKIN 2025 (AUD),V2-PSDring-54mm,Pesado Magnetic 54mm Dosing Ring,PESADO,,PRODUCTION,200,"1,488.00"
PO-00001258,11/11/2025,11/11/2025,,China-W,WINKIN 2025 (AUD),PFMOD2-Silver,Pesado Portafilter Multi  Handle Module 2 - Silver,PESADO,,PRODUCTION,400,"2,728.00"
PO-00001258,11/11/2025,11/11/2025,,China-W,WINKIN 2025 (AUD),PFMOD1-Black,Pesado Portafilter Multi  Handle Module 1 - Black,PESADO,,PRODUCTION,500,"1,550.00"
PO-00001258,11/11/2025,11/11/2025,,China-W,WINKIN 2025 (AUD),EP-20g,EP-20g Pesado Basket -electro polished basket,PESADO,,PRODUCTION,500,"2,325.00"
PO-00001258,11/11/2025,11/11/2025,,China-W,WINKIN 2025 (AUD),EP-BR-18g,EP-BR-18g Pesado Basket - electro polished basket,PESADO,,PRODUCTION,300,"1,371.00"
PO-00001258,11/11/2025,11/11/2025,,China-W,WINKIN 2025 (AUD),EP-BR-20g,EP-BR-20g Pesado Basket - electro polished basket,PESADO,,PRODUCTION,500,"2,325.00"
PO-00001258,11/11/2025,11/11/2025,,China-W,WINKIN 2025 (AUD),PSD-HE-54,Pesado He[%] Basket - Breville 54mm,PESADO,,PRODUCTION,400,"4,892.00"
PO-00001258,11/11/2025,11/11/2025,,China-W,WINKIN 2025 (AUD),PFH00BR54-HY,Pesado HYBRID Naked Portafilter Head Only Breville 54mm,PESADO,,PRODUCTION,400,"7,056.00"
PO-00001258,11/11/2025,11/11/2025,,China-W,WINKIN 2025 (AUD),PFHLM,Pesado Double Spouted Portafilter  Head Only LM 6mm,PESADO,,PRODUCTION,400,"6,628.00"
PO-00001258,11/11/2025,11/11/2025,,China-W,WINKIN 2025 (AUD),PSD-HD-54,High Diffusion shower screen for (Breville 54mm),PESADO,,PRODUCTION,"1,000","13,720.00"
PO-00001258,11/11/2025,11/11/2025,,China-W,WINKIN 2025 (AUD),PSD-HD-MV,"High Diffusion shower screen for (NS,VA, Breville 58)",PESADO,,PRODUCTION,"1,800","36,270.00"
PO-00001254,11/11/2025,11/11/2025,,Main Warehouse,NDK,Tamp-M-WH,Tamp Master - Automatic Tamping Machine - White,Tamp-M,,PRODUCTION,20,"27,088.18"
PO-00001254,11/11/2025,11/11/2025,,Main Warehouse,NDK,Tamp-M-BK,Tamp Master - Automatic Tamping Machine - Black,Tamp-M,,PRODUCTION,40,"54,176.35"
PO-00001251,06/11/2025,06/11/2025,,China-W,WINKIN 2025 (AUD),PSD-PinUP,Pesado WDT tool Pin upgrade,PESADO,,PRODUCTION,"1,500","4,650.00"
PO-00001250,05/11/2025,05/11/2025,,China-W,WINKIN 2025 (AUD),Misc. Product,Misc. Product,Accessories,,PRODUCTION,"1,500",0.00
PO-00001250,05/11/2025,05/11/2025,,China-W,WINKIN 2025 (AUD),Misc. Product,Misc. Product,Accessories,,PRODUCTION,300,0.00
PO-00001250,05/11/2025,05/11/2025,,China-W,WINKIN 2025 (AUD),Misc. Product,Misc. Product,Accessories,,PRODUCTION,500,0.00
PO-00001249,05/11/2025,05/11/2025,,China-W,WINKIN 2025 (AUD),Bellman 600 S/S,600ml Stainless Steel BELLMAN jug,,,PRODUCTION,"1,008",0.00
PO-00001248,05/11/2025,05/11/2025,,China-W,WINKIN 2025 (AUD),AB3070EK-BK,Artisan Barista 1lt Electric Kettle Black,The Artisan Barista,,PRODUCTION,750,"26,527.50"
PO-00001221,16/09/2025,16/09/2025,,China-W,Wingking - Michelle,AB3070S-BK,Artisan Barista - Barista Precision Scale - Black,The Artisan Barista,,PRODUCTION,500,"13,559.60"
PO-00001221,16/09/2025,16/09/2025,,China-W,Wingking - Michelle,PSD-HE-54,Pesado He[%] Basket - Breville 54mm,PESADO,,PRODUCTION,400,"7,580.96"
PO-00001221,16/09/2025,16/09/2025,,China-W,Wingking - Michelle,PSD-HE-LG,Pesado He[%] Basket - Large,PESADO,,PRODUCTION,300,"5,685.72"
PO-00001221,16/09/2025,16/09/2025,,China-W,Wingking - Michelle,PSD-HE-ME,Pesado He[%] Basket - Medium,PESADO,,PRODUCTION,200,"3,790.48"
PO-00001221,16/09/2025,16/09/2025,,China-W,Wingking - Michelle,PSD-HE-SM,Pesado He[%] Basket - Small,PESADO,,PRODUCTION,50,947.62
PO-00001221,16/09/2025,16/09/2025,,China-W,Wingking - Michelle,PFH00BR54-HY,Pesado HYBRID Naked Portafilter Head Only Breville 54mm,PESADO,,PRODUCTION,500,"13,668.05"
PO-00001221,16/09/2025,16/09/2025,,China-W,Wingking - Michelle,PFH00BR58-HY,Pesado HYBRID Naked Portafilter Head Only Breville 58mm,PESADO,,PRODUCTION,500,"13,668.05"
PO-00001221,16/09/2025,16/09/2025,,China-W,Wingking - Michelle,PSD-HE-XL,Pesado He[%] Basket - Extra Large,PESADO,,PRODUCTION,200,"3,790.48"
PO-00001221,16/09/2025,16/09/2025,,China-W,Wingking - Michelle,V2-PSD-distributor,Pesado Impact-Gravity Distributor 58.5mm,PESADO,,PRODUCTION,250,"19,816.38"
PO-00001220,03/11/2025,03/11/2025,,China-W,Wingking - Michelle,Bellman 600 S/S,600ml Stainless Steel BELLMAN jug,,,PRODUCTION,"1,000",0.00
,,,,,,,,,,,"33,220","461,238.78"
